address,call_block_time
0xb9e83009aa3e15ac4a6fc255c3642d8f66b9725c,2022-09-16T22:36:11+00:00
0xdec1bcaa046feb7343cb7292bb1193fa2d4fd68e,2022-09-13T21:05:35+00:00
0x4596d093a1faf9aa8621264e2cb3bfff518d9611,2022-09-13T13:49:12+00:00
0x410a6626524b30c2e59bdb7ec81d4c154038f3e9,2022-09-13T13:40:55+00:00
0x81c4d8816b29147c542dde87485608204690acf2,2022-09-01T15:29:59+00:00
0xd8707f7027bbbd99485492d68928612dc2d1965a,2022-09-01T15:29:20+00:00
0x815f335f976301f496167bfef237f0622f92ac38,2022-08-30T18:00:17+00:00
0xa21f748436c0487ec16e09000487adc7a79cea5c,2022-08-26T14:51:50+00:00
0xd98a26beeb383ea0971916b3eeb0828fcc50400d,2022-08-26T14:51:09+00:00
0x87370ec2e2686952e4dfbcdde5641f03956ceebb,2022-08-26T14:51:09+00:00
0xeb9478d602166d3dd9a29c7c45b1287c16ea10cc,2022-08-26T14:50:51+00:00
0xbbd0e3c8f09fa8b8cf002b569dbff5a0813df177,2022-08-26T14:50:25+00:00
0x5aacd0b530b2ddcaeddce6e1316650480213f423,2022-08-25T21:54:55+00:00
0x089f232ce975dddf28fd9f9c6e25899cfc1d2c3c,2022-08-25T21:54:15+00:00
0x0d4007851987baf974fb85abe84eeb359591186a,2022-08-22T21:34:48+00:00
0x26acf10fa17175dda0105fdd80acc8eaa73103ec,2022-08-18T20:46:20+00:00
0x6529cffdfbcdb1edabc46fd4e9ed35909f98c4a7,2022-08-18T20:45:55+00:00
0x382ead84df105d269c2cd01314ab060e6d7e43fb,2022-08-18T20:45:07+00:00
0x344d9d600e6b59a51198c00f681603cc72fd62db,2022-08-18T20:44:04+00:00
0x751acef1a33fef522abd98f6e3a3c6d546c93923,2022-08-15T16:30:21+00:00
0xff99567bde80b50368d83d958568a153ce9b3ff3,2022-08-15T16:30:21+00:00
0xf92aaa976ba32451aa6fceff9b61397e02ed7d2a,2022-08-12T21:34:25+00:00
0x0e571d7f200b3d2b1cdd4538f8ad434ae4b7840c,2022-08-12T21:34:25+00:00
0x307113b50601b9e6a995ceda88fab1976ab5a0d4,2022-08-12T21:34:25+00:00
0x511d50d6ee60080cc5166ab16cafede534c8d72c,2022-08-10T21:00:17+00:00
0xac516d2484b4ca30c643ee839875bedfee19dfe4,2022-08-10T20:37:08+00:00
0xfb9c4ab3f1ea45702b8701151b32413a017b3009,2022-08-10T20:36:57+00:00
0x56b990885afdf1573767705edfb3e2963e57c64c,2022-08-10T20:25:39+00:00
0x77fc179f0de44fd77c2f00dbdf4535abdb73afb0,2022-08-02T17:56:38+00:00
0x067eaf82802e92256f212df8042aa64b008c12c9,2022-08-02T17:56:10+00:00
0x11a187ed42116d3ced517555840634ae9e89a8ea,2022-08-02T17:55:28+00:00
0x2971a0f1f152e60349ce9be43cebcff132cb5c2d,2022-07-14T21:44:25+00:00
0x6655267ee0bc6511f27d4040d9074fff1a373eff,2022-07-01T15:56:41+00:00
0x12a60d819c2a8012da7c561b82242cf6dbe5d7a9,2022-06-30T20:22:03+00:00
0x207ef0c29c9b25d1ef276341adb17bb992262cc7,2022-06-30T20:21:37+00:00
0x6f35a5e6a7301627a090822895e5e7209ed72f77,2022-06-30T19:45:52+00:00
0x966bded931cc7495b264b0c4510aeec22ee96fdb,2022-06-30T19:45:05+00:00
0xd53f28fc0e6789da0b816ecda96d98cd0128cfa9,2022-06-30T19:44:35+00:00
0x239ca59a143558e02c84c632176a067a8bbba314,2022-06-30T19:44:00+00:00
0x65c9c0db32af99885b5c4fa3ce7bb6d01d9b9a12,2022-06-30T19:43:33+00:00
0x98378025e21b40583dbb2b4c6833a20f4dc972f3,2022-06-30T19:42:10+00:00
0x0425d11ba2b1c8b983342a4ae9e8c4e395e1e318,2022-06-30T19:41:12+00:00
0x583409a4a643b4a347d40ea0252e80f569e10d47,2022-06-30T19:40:58+00:00
0xb26d406050bedcde4ce1f76c7eed02963bf11ce1,2022-06-30T19:40:21+00:00
0x16dfeeaa3bc7850c9474be8b5ce418efe02af1b0,2022-06-30T19:39:20+00:00
0x990180fc27e2f5109df446c579b21604ead52442,2022-06-30T19:38:23+00:00
0xbdd115d14985b24aa0b6a3691ab1d60819984811,2022-06-30T19:37:32+00:00
0x845839bd0f1d88966e2ee157be9e8d5a0c906f0b,2022-06-30T19:36:53+00:00
0xb71897709fc66eda3f6097561deace3fd83d9c8f,2022-06-30T19:36:02+00:00
0x0792c1eae810ace99005a917bdb271210a24b0a6,2022-06-30T19:34:51+00:00
0xcd649f4123272f7e69d047395688226a715a083c,2022-06-30T19:34:00+00:00
0x749177007d6b55f1cbfddc28b386d25f6c65c592,2022-06-30T19:33:32+00:00
0x0c6cf7670ae4e45f1344e0567ffda556b5ee1932,2022-06-30T19:32:54+00:00
0xf53b551dc126e92b01d6a7eb341d350df9ed0321,2022-06-30T19:32:28+00:00
0x10e86900b25f500f75c0de2b9453cd2469153cbf,2022-06-30T19:32:01+00:00
0xd062436fc966712503874a8f772ed3df1b43857e,2022-06-30T19:31:00+00:00
0xf4e52ac88228b596c3044196352eb3e9dcc622b4,2022-06-30T19:30:30+00:00
0x70a1a95178c8b8188157ba64e798184a4363d748,2022-06-30T19:30:05+00:00
0x526e4783aa4be86d49b8e4a31e7394864b1a1eda,2022-06-30T19:29:48+00:00
0xc66e7c1ec81f71b4e2c5032f0a33d0f167fec1c6,2022-06-30T19:29:29+00:00
0xba84ac7b6909416975f9b363ccf870ef91e4b1b9,2022-06-30T19:29:01+00:00
0x728e2e4123ae9f27a70642ed19d86cfc421ecdb4,2022-06-30T19:28:46+00:00
0xcc6af57f7516fcbb8d2e1d045a61c0358eab64d8,2022-06-30T19:27:25+00:00
0x4f1e734cfb2720ccf94345e5d90f17f8c459ce32,2022-06-30T19:27:13+00:00
0x3f398a03b751c9b9f4f2fbbba5a57003a4315a01,2022-06-30T19:26:56+00:00
0x399d4bd869012762832996d8817580b20db0669c,2022-06-30T19:26:11+00:00
0x977a00f2c7af6e4287d73e34611ed8a2ea5e80b7,2022-06-30T19:25:10+00:00
0xbc8e08ab22769ec160ceb32632a09ff36b87294c,2022-06-30T19:24:56+00:00
0x26bcaf23dcdc753328d28a3dfcacc77df7e140e7,2022-06-30T19:24:28+00:00
0x08914a74959101c5770a10bf0e8de495794cac23,2022-06-30T19:23:46+00:00
0x6dee00aa921242af9ee53613488fb505bdf6cd2a,2022-06-30T19:22:53+00:00
0xdeef423552055b554dceee741878357e7ae700fd,2022-06-30T19:22:03+00:00
0x08422a6435a87362c435a234e97a068854d14fe4,2022-06-30T19:21:04+00:00
0x36817c7b968160c4be0132c5985d0985893a17d3,2022-06-30T18:49:26+00:00
0x69643145c3bf63605f3b797831d02a3571ab801a,2022-06-30T18:49:04+00:00
0x4b9f1c01099a4ea4b5272d8f61ea6dfb0c84f3ba,2022-06-30T18:48:11+00:00
0x981c0676e9e2e06d91615a87326e6edd8b250a62,2022-06-30T18:47:26+00:00
0xef4e12b51f1e717bbab900b29ba34a1d6b1b37ba,2022-06-30T18:30:35+00:00
0xb55b5dffd9d45b0563e644e47773d4f283137164,2022-06-30T18:28:41+00:00
0xd005c14b64970959f485bccbf77324727f414706,2022-06-27T21:32:26+00:00
0xdfaa18dd66f2981e9851df191fee407bfdb64200,2022-06-26T17:41:30+00:00
0x4314426d87779ac81b79b643b6937c4dc3ac26b9,2022-06-24T21:55:22+00:00
0xd03a4ec546266a66ff8bf0a82744df8417e75bd4,2022-06-10T07:55:01+00:00
0x9ac94bf18c762cfcdbe8f435a734d3957bf05605,2022-06-08T16:31:18+00:00
0xfd048960a3dfcabb959f33fd38a00120f547fb02,2022-06-08T16:30:44+00:00
0x46aa7219b792c23e358c1deb7a42103129e36898,2022-05-27T19:03:04+00:00
0xbba2b765ce2a8bd0daf7ac6bffb11659be21b8c0,2022-05-27T19:02:44+00:00
0x0747fb95a1ad27cf1a8cc9f14768c7cc0a8f5dde,2022-05-20T17:16:55+00:00
0x3b7f525dc67cca55251abb5d04c81a83a6005269,2022-05-13T11:30:55+00:00
0x7164a643224f29d63b149d0e83c4a451892e8303,2022-05-11T21:16:08+00:00
0x45ce164a3033469b77adc5a4effb134254bb127a,2022-05-11T21:16:08+00:00
0xb064a2a76262db9ac1a4e4606ae0532b3f565db8,2022-05-03T21:51:02+00:00
0x9c1aec4fa72b7c3ff135999b2087868ec85d9ed2,2022-04-19T13:55:59+00:00
0xa9a466e28a593f0dcde9074ef8c319643d4d402c,2022-04-18T20:42:35+00:00
0xfb0a60806cdcd2047517b777398bbea734c727e3,2022-04-16T17:52:13+00:00
0x3ea8b081806a189cbc8ddc345bb184b813924ae8,2022-04-16T17:51:40+00:00
0x249e38ea4102d0cf8264d3701f1a0e39c4f2dc3b,2022-04-11T15:58:26+00:00
0x85f4e048bf830621c67ecf99c8f7a3b1c87df809,2022-04-11T15:57:59+00:00
0x33b09d87b0e601eea026a2d6d2689a719096aefa,2022-04-11T15:56:40+00:00
0xb8c50b608f20ab84344a8cd10e71bbb658c658b2,2022-04-11T15:55:14+00:00
0x506dd68c3a9f51606831c2112ca524992748df9e,2022-04-01T14:12:53+00:00
0x29fcc7c3e2cfc916ee3103ff3ffb4a95825151ad,2022-04-01T14:12:09+00:00
0xe47ee22b3e4ea3f1270dd4345eae2f5ca569d0bc,2022-04-01T14:12:04+00:00
0xd90fe5f016e7b3833b236433c625246dea612fe2,2022-04-01T14:11:34+00:00
0x2bde13ac4c6dd333471186b93ab009f4c7aca6b8,2022-03-17T18:24:14+00:00
0x3167f13de0c274085b6c7876b63cefdf3f743e1b,2022-03-17T18:23:30+00:00
0x1a9c4c93bf60f4ccdbb1580137d7963f4cd0fc48,2022-03-17T18:22:33+00:00
0x3ac53c9acceb59d37ea663ff7f57004d00f7c0f5,2022-03-17T18:21:55+00:00
0x97e934b523a632651d86b32e3e34f98dc2a00ef2,2022-03-17T18:20:23+00:00
0xdc9cf4cd400089b618fb78defb9e90fba815273c,2022-03-17T18:15:25+00:00
0xdc98d68b2832fedc8628ff62eba2e3494449b4c2,2022-03-17T18:13:52+00:00
0x26b8d4320c8c35136bd662f8648bacd316aea066,2022-03-17T18:11:55+00:00
0x1d8bd9c0c0a3f4b958d4263adc7904dfdd8889d8,2022-03-17T18:09:37+00:00
0xa9a274b921894b4264bb36467626b8f50c7723c5,2022-03-17T18:08:56+00:00
0xf93e99907542bd3a5ac5d1f74d9945c2d748e5b2,2022-03-17T18:07:47+00:00
0x84189833c6b11450fb7dbd2e0d8bd3382b4032e0,2022-03-17T17:53:39+00:00
0xcb24b9db23eeb920949233a0fa2c4f3984de848f,2022-03-17T17:52:49+00:00
0x0f24eafe619cabd89638b497ee06329e1c2234af,2022-03-17T17:52:14+00:00
0x6303f52c03602c92b94655486acdfd3b2e77d9e2,2022-03-17T17:48:20+00:00
0x04c7aa3b8d10caeba5e711b8c67d3d0aa630570c,2022-03-17T17:36:32+00:00
0x7420b4b9a0110cdc71fb720908340c03f9bc03ec,2022-03-17T17:32:53+00:00
0x5d8353072bc0f62dacb7e3937d4c58a808db4d0e,2022-03-17T17:32:18+00:00
0x4cbc672f5c4870c455032267be1893af7e040f28,2022-03-17T17:10:03+00:00
0x1321f1f1aa541a56c31682c57b80ecfccd9bb288,2022-03-17T17:06:09+00:00
0x28332c6afb5100d9a9b82844fe29ff6884223c6b,2022-03-17T17:01:02+00:00
0x911d86c1f9949777c942f44902bd6e6e7f251520,2022-03-17T17:00:16+00:00
0xa4f5d39c95d40de4b31fba6b3c45d0f3c2d7f914,2022-03-17T16:58:06+00:00
0xe5109a2af4da771beb0213fc9c794fb889ccfb92,2022-03-17T16:57:06+00:00
0x7816095d41be0ef5875aa8046816ca64a506576a,2022-03-17T16:55:06+00:00
0x7ea4ff532f7c90422cbc4e63250f82acbc0e59b2,2022-03-17T16:54:41+00:00
0x7188465237ce13b95d593dacaad387c19b25423a,2022-03-17T16:53:14+00:00
0x30106c34c8ef46a000acf888f8ea38a71e7d170d,2022-03-17T16:51:57+00:00
0x4b6d1ce5887f5dbfbf91797917c1d19f912eaed2,2022-03-17T16:47:06+00:00
0xa722a35622a6488c827c0e4dd9484afc3f1d8602,2022-03-17T16:46:10+00:00
0xa722a35622a64bbc827c0e4dd9484afc3f1d8602,2022-03-17T16:44:27+00:00
0x6a8fd46f88dbd7bdc2d536c604f811c63052ce0f,2022-03-17T16:43:31+00:00
0x969315d667be52f0b4036e79253d30ac05040f94,2022-03-17T16:42:25+00:00
0x00c543bf4b29c60a655b34128bed709b2b119818,2022-03-17T16:41:38+00:00
0x992b97648a9aba4b0b0037c844f1d45842ce91f0,2022-03-17T16:36:43+00:00
0x5cb182a51c452937abecc9e81a9663efbeb425f5,2022-03-08T19:11:03+00:00
0x469e5dbfcf619f5f02631d643de99cbe8635d480,2022-03-05T18:59:38+00:00
0x51d5c14c7c90c41b4c49daf0ff9def851cd2a25d,2022-03-05T18:57:26+00:00
0xd37448ad7949c4ad8eba5aad1a0afdd3199971d8,2022-02-11T16:46:24+00:00
0xc8d3207ab730e1efe4dcb218993e409d48ed9052,2022-01-20T19:07:04+00:00
0xe1c07043104b4bcd3455a20dc804b1c9f8a5da39,2022-01-20T19:05:43+00:00
0x76cd1cc6999a22903ffdc3a529086304c4bb780c,2022-01-20T19:04:17+00:00
0x71259b92b69d1876975f9dd0e493a54ede73dd86,2022-01-20T19:02:13+00:00
0x76cfc13743a1150c9126108fdda9d59dacd67c63,2022-01-20T19:01:14+00:00
0x091bd12d1ae092aefb4e8dbcafd2982302e4d686,2022-01-20T18:56:24+00:00
0x85498e42e71a4bdfe67aacde2639aaa641c4d9c9,2022-01-20T18:55:53+00:00
0x69a92b37659d1682e39a403a9a2ccedaef13b77c,2022-01-20T18:55:36+00:00
0x7a58c0be72be218b41c608b7fe7c5bb630736c71,2022-01-20T18:55:21+00:00
0x66bd27b6a12ebc6b6ce6285c1ab351e216da86a9,2022-01-20T18:54:10+00:00
0xbf3018e9efeedd69f824f101b183d444f11785ba,2022-01-20T18:50:09+00:00
0xfe611c837a5a8186ee911ba654f2d3ca36075c1c,2022-01-20T18:49:57+00:00
0x9e570f7c7068b4accc519dda3a92544cd5947692,2022-01-20T18:49:20+00:00
0xcd1faff6e578fa5cac469d2418c95671ba1a62fe,2022-01-20T18:48:41+00:00
0xa2f2d51852fffd9f4c81290ca8332a87b277724c,2022-01-20T18:48:12+00:00
0xdfd438220b274d507711b107fb909395ce3824c7,2022-01-20T18:46:44+00:00
0xb8c77482e45f1f44de1745f52c74426c631bdd52,2022-01-20T18:46:04+00:00
0xb521d013b2613162220cdc87c92c84deacc12601,2022-01-13T16:27:32+00:00
0x67ab29354a70732cdc97f372be81d657ce8822cd,2022-01-13T16:27:02+00:00
0x661be0562b31e9e8ddc2a7c93803005a1c71d749,2022-01-13T16:26:09+00:00
0xc390a623aabd2964dc72ed8a8f1bd26a8aabd200,2021-12-30T15:02:32+00:00
0x993b904d707f3405cfe2f7eda31b5b4766c8a106,2021-12-10T18:09:51+00:00
0x35663b9a8e4563eefdf852018548b4947b20fce6,2021-12-04T15:47:09+00:00
0xfae5a6d3bd9bd24a3ed2f2a8a6031c83976c19a2,2021-12-04T15:46:44+00:00
0x5eb95f30bd4409cfaadeba75cd8d9c2ce4ed992a,2021-12-04T15:46:09+00:00
0x4847761d6576f911345ae2998397e6d4dfb2ad73,2021-11-07T13:29:24+00:00
0x1ae8840ceaef6eec4da1b1e6e5fcf298800b46e6,2021-11-05T16:09:07+00:00
0xafad9352eb6bcd085dd68268d353d0ed2571af89,2021-11-05T14:56:15+00:00
0x6551fb9be444987f7482012cbf7ea95a1ee8dd0e,2021-11-05T14:56:00+00:00
0x967bb571f0fc9ee79c892abf9f99233aa1737e31,2021-11-05T14:55:37+00:00
0x74487eed1e67f4787e8c0570e8d5d168a05254d4,2021-11-05T14:55:01+00:00
0x0acc0e5faa09cb1976237c3a9af3d3d4b2f35fa5,2021-11-05T14:55:01+00:00
0x967bb571f0fc9ee79c892abf9f99233aa1737e31,2021-11-05T14:52:42+00:00
0x56ac6ba3a0dac34ceec4096a5db8fd3739a967f3,2021-11-04T15:11:01+00:00
0x1fe09d4483a1c48f5eaf316fc933def5824eae82,2021-10-29T12:52:03+00:00
0xa0e283a75e498fecae3a5bd0170d89b9fc26bce8,2021-10-29T12:15:59+00:00
0x6f2f58817db62a31a0253495c7550444958daf17,2021-10-29T12:15:36+00:00
0x1097850b35dfecd1b7e7ce9190aeba45c6c2b1e9,2021-10-29T12:14:59+00:00
0x42d8568c56c44e070f51ff9d268b6388ef2f846d,2021-10-29T12:13:24+00:00
0xa95662473f0bc4644dbcafdabdec17922d042def,2021-10-26T13:35:27+00:00
0x9114de4df6a8d2def725c6a40f5fa9a8f4049fe5,2021-10-22T14:33:24+00:00
0xb2e77a7370dfa7949bbc05f22beb1967f63dd699,2021-10-22T14:31:17+00:00
0x8d411e049106ed724029649d455b12981c83dd38,2021-10-22T14:30:06+00:00
0xf2a03f9503e0d754dfe8b93d962db487d20c2178,2021-10-22T14:21:33+00:00
0x4e73c5f93b3de80cac4c3474039b313e2e8ae799,2021-10-22T14:19:57+00:00
0x3a20f163d40c046311d1f91d015bc65bcbff671c,2021-10-22T14:19:09+00:00
0xd51ca0d0f7a73ae13f3baf955837c20c7d247f99,2021-10-22T14:18:48+00:00
0xc1bec32be8a68346ad9dabbb0a67ce220d43997c,2021-10-22T14:17:07+00:00
0x6d4df9f6f42c07b627c5afdf01740ecd0a6fed0d,2021-10-22T14:16:11+00:00
0x68c132f3cc84d7871e3f2eb9ddbfdc8afff2a677,2021-10-22T14:13:48+00:00
0x63489f0a8493d84309589d75b791da315e67d35b,2021-10-22T14:12:23+00:00
0x0f3b3ac549719e2d796c358a61ea26fc12ca0c6d,2021-10-22T14:12:04+00:00
0x75954b2cce7726b1afba2c1bc7724348e3dd1b87,2021-10-21T17:29:26+00:00
0x7b99fea8f296fd21b4fc75aac8ae602c247fb7af,2021-10-21T17:26:44+00:00
0x49e48c946593d793e0ea06ceb371eeb3e5a1ea52,2021-10-21T16:43:19+00:00
0xaaca86b876ca011844b5798eca7a67591a9743c8,2021-10-21T16:41:49+00:00
0x1b1adcdb3502d4a92e53db16840165466f3c6236,2021-10-21T16:23:37+00:00
0x0cdf9acd87e940837ff21bb40c9fd55f68bba059,2021-10-21T16:22:51+00:00
0xdfdb7f72c1f195c5951a234e8db9806eb0635346,2021-10-21T16:20:47+00:00
0x1a4b46696b2bb4794eb3d4c26f1c55f9170fa4c5,2021-10-21T16:19:32+00:00
0x00000000000000000000000000000000000012e5,2021-10-21T16:16:14+00:00
0xfb896f4ffecfb73f58f023487f26929c40160012,2021-10-21T16:14:54+00:00
0x7405a6b74df0952ff97f5d7df5af9fd112eeba98,2021-10-21T16:13:59+00:00
0xf3ae5d769e153ef72b4e3591ac004e89f48107a1,2021-10-21T16:12:25+00:00
0xdd064d6fd70d736dc773430ac62cb5023cfcc65f,2021-10-16T07:24:21+00:00
0x42476f744292107e34519f9c357927074ea3f75d,2021-10-05T08:43:32+00:00
0x207ba6a35a043be0865299e2a0c86b4a44558fbf,2021-09-30T16:38:08+00:00
0x15ae596e333da3f41c9e7926cd5c028f42647af4,2021-09-30T16:37:53+00:00
0xdf53fb4785faeee1c0ca3997ac3bf1543da70dfd,2021-09-28T10:41:19+00:00
0x0ea0a0a322576fcdf5a8b76168a1e49c5f86cf4e,2021-09-22T19:46:09+00:00
0xb89d8a7c56241b550a6f8a0938bbbb2e2fe3166f,2021-09-22T19:45:47+00:00
0xb85417903d68c0f1a40412a5abeed49e633ff708,2021-09-20T21:41:45+00:00
0xfd4790985bba508197bd9a2fa8bca40f79af63d9,2021-09-20T21:41:30+00:00
0x48a57c98f50a6a40cc064f5ee1d3283a76cb99d8,2021-09-17T16:41:58+00:00
0xa14d5da3c6bf2d9304fe6d4bc6942395b4de048b,2021-08-29T15:13:47+00:00
0x00c4afd0a80c3699cd31f585bdc8bd373d818123,2021-08-29T15:13:06+00:00
0xa93c721ccaa299e15b3281be8fec9557f426a525,2021-08-25T16:13:12+00:00
0xe803a8bc090e922aedfcbcdd1efea99582efe3c9,2021-08-17T12:26:06+00:00
0x68c88fccbc6d5a218711bd897add734aeefd1270,2021-08-17T12:25:42+00:00
0xc8a65fadf0e0ddaf421f28feab69bf6e2e589963,2021-08-10T13:40:35+00:00
0xe16ea22554b5a99457abfbb79bdc18e3221a00a0,2021-08-05T16:28:14+00:00
0x881d40237659c251811cec9c364ef91dc08d300c,2021-08-05T16:27:29+00:00
0xbca3ab082206c053e9133236fd58b530000eda22,2021-08-05T16:25:43+00:00
0x1723eb6c8fb98d2678ed186c48db11bbd12a80eb,2021-08-05T16:25:20+00:00
0xaec82edfdae51ec06407fb459cf7465427f24212,2021-08-05T16:11:42+00:00
0x6f9aeec6e3e74025d5a58a25ef5d6bc4757c9dba,2021-08-05T16:11:35+00:00
0x48badfa52ec26d335e775e2c9587e023e9990260,2021-08-05T16:10:25+00:00
0x77844fc0be83bb8e88c60b44c1281c5055f5e83a,2021-08-05T16:09:58+00:00
0xf9e80a5f300944bfedf2816cbe72b1981c6c5ee2,2021-08-05T16:09:31+00:00
0x1faf4344beaf9c90f9ed2cd2fdae0128063e6ae5,2021-08-05T16:07:48+00:00
0x11b0cbad1eb39f14d934be986b590f3e663978e6,2021-07-28T20:41:25+00:00
0x4e6d4f64f0a72e54f43b148706e85a1a0f7c7b06,2021-07-28T17:19:08+00:00
0x941a9e3b91e1cc015702b897c512d265fae88a9c,2021-07-23T14:17:06+00:00
0xcb55cdf44032cfa3e48610749bd60b89fc90dc9d,2021-07-23T14:16:36+00:00
0xeda5066780de29d00dfb54581a707ef6f52d8113,2021-07-13T18:36:34+00:00
0xa6424dcbc756427724e9ab24b9ef41524b07d4f5,2021-07-12T20:30:33+00:00
0x4de23f3f0fb3318287378adbde030cf61714b2f3,2021-07-11T17:49:23+00:00
0x05b49f435c1eacb0c618b5d13cadad28ad34209a,2021-07-11T17:49:13+00:00
0xeb963da0ea2d53bfb930edc76f994fca2de7fe5f,2021-07-11T17:48:54+00:00
0xd8d2b364ac240297e85c16523ad29b6eb2a56e2b,2021-07-11T17:48:33+00:00
0x459ce908b9dd5d430a386f18f49b521bba4920cd,2021-07-11T17:48:03+00:00
0xbb821eee8a84b99a1c88c93913b34895c47d9911,2021-07-08T10:48:53+00:00
0x024461600cca3b7746ae389088f1d5c06b5e90b5,2021-07-08T10:48:44+00:00
0x0f18647467de7b885fe1bf77a78e12e19c814ad7,2021-06-23T16:38:42+00:00
0xe350708b71243ccd55cdd18833cdee5051ee378e,2021-06-23T16:38:04+00:00
0xec046b20d26aedcaad476e21f22feb00ca0ced5d,2021-06-23T16:37:44+00:00
0x060c676d9bd33d4eb944f3b6c19b3ac9eaa9ef66,2021-06-23T16:36:55+00:00
0xf6025dfb3dfeed189d50842dac84dc3939b14b20,2021-06-23T16:36:55+00:00
0x79f81fcd0d59876b40fbe1a44cf783e150fbc811,2021-06-23T16:36:26+00:00
0x270e7b73aba8232b2dbfed6b4667b13f8bd868a0,2021-06-16T18:05:59+00:00
0xf9ac9aa10c2b98e8033030691cc2b37fc10b4342,2021-06-14T15:33:44+00:00
0x5291da2bd63ca984323877be35135f98ee164117,2021-06-14T15:32:49+00:00
0xb0c5f3100a4d9d9532a4cfd68c55f1ae8da987eb,2021-06-07T18:47:06+00:00
0x9ec2c3add938bdd63fd369afc2800595f69ba00d,2021-06-07T16:37:51+00:00
0x735ebe3ed47877a11023b904054a0ffe44e91ab7,2021-06-07T16:37:37+00:00
0xb78d1edfed9c93d7effd396f95997483f60b869e,2021-06-07T16:35:17+00:00
0xe8f762f264a2d4f0c6f3b6f0b3c1926a67962b2f,2021-06-07T16:20:02+00:00
0x7a6d37d7637a4ae334a8bec5a3ae414460c4ff5b,2021-06-07T15:56:25+00:00
0x2a4f9e8a8071adf0b6be883644c4f4910c3d1c30,2021-06-07T15:47:24+00:00
0xf6ec8d867a227ff5f84761407da1f85826c17797,2021-06-07T15:45:37+00:00
0x4cd1761af5c771fb4046ed0f6ed39239f466f63b,2021-06-07T15:44:05+00:00
0x8e80b88620e0a2395a46a5fa639e19cb0c493974,2021-06-07T15:42:53+00:00
0x0f51bb10119727a7e5ea3538074fb341f56b09ad,2021-06-07T15:42:11+00:00
0xdceebcc35ef57dc33d35895f3940e0b3f68353aa,2021-06-07T15:41:08+00:00
0xc6bc4d60f83508c933cafaec515a8f4fa7776ac3,2021-06-07T15:40:31+00:00
0x61b56d3c0cd91e52382600f9014c0634d7d87434,2021-06-07T15:39:44+00:00
0x19bd896186bdc727afa03b8ac8516939d95f9da9,2021-06-07T15:38:41+00:00
0x657b83a0336561c8f64389a6f5ade675c04b0c3b,2021-06-07T15:37:49+00:00
0x4d195277855c60e09ac8c25dfc95d4768e1f1332,2021-06-02T20:59:57+00:00
0xb76978af1d055cb91be91df525f2b0a30ca1d11a,2021-05-14T13:46:24+00:00
0x96de2b69a47686e34769ffe50f97bd3dfaab2347,2021-05-12T11:02:54+00:00
0x9d8da58bfa9df34917958c553c21b134a8395c01,2021-05-12T11:02:08+00:00
0x75b3308a9a8904aa2c40cfcb4eaf958700d4b3e6,2021-05-12T11:01:43+00:00
0xd79b37ae5ca33e674b979324ec966c152248d6f5,2021-05-08T18:15:27+00:00
0x8e5540381f9e54cc2ce592253dc1f63d68261ecd,2021-05-08T18:14:49+00:00
0xc64df3b364857330a0c777ce7771e5f180b41456,2021-05-08T18:13:43+00:00
0xdf57e7b1aa3010850000f878fc8d6a4d1221bca9,2021-05-08T18:13:17+00:00
0xd54a23ca7627fa3a520b83ef4e1efc8c63c4b8f6,2021-05-08T18:13:14+00:00
0xe0673ad293b32a86634c38f65402bd5f22d2aade,2021-05-08T18:12:51+00:00
0xbf61c98424f7894b72fdeb8eb0672993e087f717,2021-05-08T18:12:16+00:00
0xf5a7cf1ef787f09eef1fb75d4a0ab9d651fa1da0,2021-05-08T18:11:33+00:00
0xe9e9afac38e64728f1afbb2b65dec7be7c704c05,2021-05-08T18:11:01+00:00
0x70be75aa9df59f9eb52ce1ef4f02e33ef52a6c14,2021-05-08T18:10:50+00:00
0x93644e2325601c2aab36b5a8145eaac63fd8ecfc,2021-05-08T18:10:38+00:00
0xd769a14f568b6a200a5b50f51c6e0bde61e76836,2021-05-08T18:10:20+00:00
0xb1e22a5b9d7d4163f834b3247afe119122b10175,2021-05-08T18:10:12+00:00
0x8e4fa3ca996c403f8f5bbafc99c02c4c878d4e05,2021-05-08T18:08:47+00:00
0xe6ed97d28155c52dcf337146548f4d144fb267b3,2021-05-08T18:08:10+00:00
0x18a433b71d4fb79eebfedf20a1eb60c7459132a3,2021-05-08T18:07:29+00:00
0x510f22f7f28a82c8ce7a6e3703b4b0809aa9f1c3,2021-05-08T18:06:46+00:00
0x90a0a27b53f968879b12cd56cd67d27904ba25a4,2021-05-08T18:06:16+00:00
0x9d9f3c80dd99420da1f183aeeca74d93b8c7a08f,2021-05-08T18:05:54+00:00
0xf2bba03cb436013ceb5bca624ad8a9aa2870a78a,2021-05-08T18:04:36+00:00
0xb7b86ac74775b8e77f1fc52f9e7759d6d6b01829,2021-05-08T18:04:12+00:00
0x6e2bf7cacc44df65cb97af11548e18d9dd0559c9,2021-05-08T18:03:56+00:00
0xca1e057ce2fedd18c3b9323b64710c89eb5c607c,2021-05-08T18:03:07+00:00
0xc975d1ab6caf6bcba3dd4c5203f74febbef1609f,2021-05-08T18:02:22+00:00
0x1ed8fc553dd4159f8475c776811adf7139b6f3bf,2021-05-08T18:01:42+00:00
0x8269e4f62b9253121579e500204aff5d0c897830,2021-05-08T17:19:09+00:00
0x9dc2c41ffd47e44e03863e7dee5bf4bf1b415e16,2021-05-08T17:18:21+00:00
0x1ddb6557315f58362dba3c37d55eec83023a8ec3,2021-05-08T17:17:52+00:00
0x707176b584d0ae0c77d3035da8686f8b58cda73b,2021-05-06T19:41:34+00:00
0xfae3ff7e05d921c1d48bbe6676ef5c902e32c801,2021-05-06T19:40:29+00:00
0xb05686a17ed23360d6bbb37652bc0424b12af5fd,2021-05-06T19:40:29+00:00
0xfc4e7e1a5508636cd54b5e279c4e2b34eb0675ef,2021-05-04T18:06:09+00:00
0xa7b62f0bca27e9d4187a8f1e4282e564a20ec55a,2021-05-03T19:36:58+00:00
0x90a3309f03cfaa13601678f3fdccc4ec94fef6ab,2021-05-03T19:35:56+00:00
0x2b0aaf924e8e0e00c014c3222473df5f58f34323,2021-05-03T19:35:13+00:00
0xfe43306b8182d1c7af3ea39c324ab5bfd1d74ac2,2021-04-30T19:22:13+00:00
0xb88d8defad365704722068daf045481f3205cfa6,2021-04-30T19:20:05+00:00
0xd9a330f648dc9073a939774d3f7233ed2a2e79f0,2021-04-30T19:19:18+00:00
0x2295f647854842d3636a369b29bf24622e0cb8d1,2021-04-30T19:19:18+00:00
0x38cbe416e56585425993a38aa8e8ce49e915423f,2021-04-29T17:41:48+00:00
0x7978042cd0116b48e9833a6b5c08fee283e4ccf7,2021-04-29T17:40:29+00:00
0x470e19aca6ea428489049edeaecdb675c3265f0f,2021-04-29T17:39:30+00:00
0x707176b584d0ae0c77d3035da8686f8b58cda73b,2021-04-28T13:41:37+00:00
0xfae3ff7e05d921c1d48bbe6676ef5c902e32c801,2021-04-28T13:41:15+00:00
0x3ec9ea7c8b37914f86a61eb36e5f1d43185e09ef,2021-04-28T08:51:58+00:00
0x52f6335d6b6fe435f0c0898d8a007b633b7978df,2021-04-28T08:51:05+00:00
0x14695f3d696bad62bbc7bfc8024317fcab744192,2021-04-26T20:02:59+00:00
0x83736a07ff573e9bd06aaff4302c58ea756a6072,2021-04-26T20:01:59+00:00
0x9c04faba41138ecaebc14fe9bf5f0ff449be6045,2021-04-26T20:01:59+00:00
0x95ad9f76655b958b1f7c0553b15355bd7e38cf49,2021-04-26T20:01:59+00:00
0xa9b324a17dbd851ecdc543bdf17448a10611ce36,2021-04-26T19:59:59+00:00
0x8eab734f5639dcde8197e7b8724ea04556d5d69b,2021-04-26T14:02:11+00:00
0x37c545dae781c5ee433e81cdbe54401effd111b4,2021-04-23T15:55:45+00:00
0xd7c61645a6cf816897272060331b670896370075,2021-04-08T09:53:08+00:00
0x0ab18527970d8f3c5faf22dfe96f4970cc849002,2021-04-08T09:53:08+00:00
0x882c244394595c7b26bdeab00ce224f71ffda3a2,2021-03-29T20:35:47+00:00
0x3485fad6dea96f0c6edc86eadfb73e9282f59172,2021-03-29T13:42:32+00:00
0x9f1c87c3224dca911f6412fba5865c30647bddb1,2021-03-23T21:25:03+00:00
0x8b47e7daa3c7471f446f6500243be9b59fd57451,2021-03-17T19:35:29+00:00
0x7c73e2eba3d1f73d1d45e4d74168cab6b9ce3964,2021-03-17T19:35:02+00:00
0x6fa0952355607dfb2d399138b7fe10eb90f245e4,2021-03-17T19:27:22+00:00
0xea582df503a868b0222da3c849e836b6334e1ef4,2021-03-17T19:25:46+00:00
0x000000000000000000000000000000000000129f,2021-03-17T19:24:52+00:00
0x47e553546a125b57a4802e75a942fc4d0fe4d524,2021-03-17T19:20:52+00:00
0x06c048c2afb355b22b76d73b4ec244a862e7e260,2021-03-17T19:19:42+00:00
0x4688a8b1f292fdab17e9a90c8bc379dc1dbd8713,2021-03-17T19:19:35+00:00
0x6f4617a2b686e722fa7550caec775148c20b8626,2021-03-17T19:19:27+00:00
0x832970f1bc731d8119bf022072bb1015e3ad87f1,2021-03-17T19:17:40+00:00
0x55d398326f99059ff775485246999027b3197955,2021-03-17T19:17:14+00:00
0x97eb195bdae6a3afa19567a68d475c1006c2cbcb,2021-03-17T19:16:47+00:00
0x248f50eab61ad11608fd07fb2188163fd2e0c5c6,2021-03-17T19:16:07+00:00
0xe4815ae53b124e7263f08dcdbbb757d41ed658c6,2021-03-17T17:15:28+00:00
0xb31d374d54ffcfba5330ece49aa50c07380c1948,2021-03-17T17:13:17+00:00
0x86772b1409b61c639eaac9ba0acfbb6e238e5f83,2021-03-17T17:12:47+00:00
0x0bc529c00c6401aef6d220be8c6ea1667f6ad93e,2021-03-17T17:10:50+00:00
0xa55d142507e1bacd3c18c71a12ecce6aeb36859b,2021-03-17T16:57:59+00:00
0x49662eba5ae85c5d2a64c6e59021b5c5831ecff6,2021-03-17T16:57:59+00:00
0xba0a72d6c4912e9cf8f4407e7c469e3afae4fb35,2021-03-17T16:57:59+00:00
0xcf376f95384f254db7d91f5ddfcf322c7b9a6bf9,2021-03-17T16:37:37+00:00
0x9e7fa8dd15b4b0bade7245d8c9d51a872e324d2c,2021-03-17T16:37:28+00:00
0xdc5bbc3ce9abefb91274eda83e1dc934bd6efde5,2021-03-17T16:37:17+00:00
0x2dd2eb56cd4cb11ec41d413ccb2957474858db9b,2021-03-17T16:37:06+00:00
0x3ef130a38c6719c578747e2eb4fce5a2e887a151,2021-03-17T16:36:19+00:00
0xed65af79c9a6783563cb40a824d51cb2abbef6c2,2021-03-17T16:35:56+00:00
0x7b8c3644bff1a2407d369b7218aec08de96414e0,2021-03-17T16:35:14+00:00
0x1cac2a92628989a0af7889a82d4deb40b53d1279,2021-03-17T16:35:11+00:00
0x0e82e631bfdf5ec6d0389abc56eee40281d98842,2021-03-17T16:34:03+00:00
0x6a35326f5cdac8e46c645abcd9cb0731997cc603,2021-03-17T16:27:32+00:00
0xe573e321170a5419697b6355cb829dd9200ed248,2021-03-17T16:22:07+00:00
0xc7571b79d800ebc979e0bd435790e6b8408002ef,2021-03-17T16:19:41+00:00
0xab019806fc72bfdfeee1331798e13e707db020b9,2021-03-17T16:19:19+00:00
0x8aebed593fddbee769ddd2776ea5bdd2b8ce0bc4,2021-03-17T16:11:16+00:00
0xbd3bd0f937c00486342699c9954df119edb239ae,2021-03-17T16:10:21+00:00
0x53ba94ac472dbec5ad4cb28da03e366f73db45ec,2021-03-17T16:08:21+00:00
0x13045d03de74254b0cbb88780ba48cd726764707,2021-03-17T16:06:52+00:00
0x686b8b7540a6f8174afb76303719234c8cc2b1dc,2021-03-17T16:06:07+00:00
0x9cd13942894b6bb7bba1608628d60b5ab91109ba,2021-03-17T16:05:31+00:00
0x98e2e73b8bebbd693ac1fad90c21a378b27a344b,2021-03-17T16:03:35+00:00
0x579aec2e6c3d505c38d480490333ba4038cd8abd,2021-03-17T16:03:27+00:00
0x3e2a47e085225b0dc123a04fb48dc611766c5855,2021-03-17T16:02:56+00:00
0xa15b09facc7de0367604c79f138c6e50efc5e011,2021-03-17T16:01:53+00:00
0xaf0f30d580d1ace6e81ab3285786e14d91a118f8,2021-03-17T16:00:36+00:00
0x0bf0143b288d7456cfa2abb9c29e538d2de324da,2021-03-17T16:00:26+00:00
0x737f8a1c3558753292735f021d419b180602dd85,2021-03-17T15:59:20+00:00
0x4787946e27ba984b1f7de57469fba64c859a2a4d,2021-03-17T15:58:53+00:00
0x3602f3a38ebe0077a187bac005c11d93fdc92335,2021-03-17T15:58:44+00:00
0x8c15480b2b67672cf8023f1fed5138f1eb43032b,2021-03-17T15:56:47+00:00
0xac6403c5fa00499f1cce0e97f5d0a66f5def40ea,2021-03-17T15:53:53+00:00
0x86aba7b5d13d8013462914ffe5bfeb10a02ee665,2021-03-17T15:53:02+00:00
0xf1c9d8d440d0edee975f6d525d439c4360492884,2021-03-17T15:52:26+00:00
0xfc2e4db1e01a64384395230d49ac810362895923,2021-03-17T15:52:04+00:00
0x8a88ec253662ce5ae2600be6a38c17624d3332ad,2021-03-17T15:51:26+00:00
0xe3a0c6d17d629b49297146a7867ed59de17ae8e6,2021-03-17T15:50:56+00:00
0x3b2aca3b9d5f84a5f4a838c3954693ba639a9d88,2021-03-17T15:49:48+00:00
0x7bc2326599db178d200d2a7b7ade3938be413770,2021-03-17T15:49:32+00:00
0xebff9038fc52040272cc17d7a99fc903031d8643,2021-03-17T15:48:29+00:00
0x428467c2794bf44d2d542619473934a6c19af6ed,2021-03-17T15:46:47+00:00
0xa0786e9009587362250e33c749db29714c7b201c,2021-03-17T15:46:25+00:00
0x7e7d6cc7e8a376828ce66ae187ac2a43cddf8fa8,2021-03-17T15:46:02+00:00
0x8df2a8c10a7ee001d6e4e0d96704eee59e685f12,2021-03-17T15:45:09+00:00
0xaad73d4523a41c1eb595683606c10448dc957a82,2021-03-17T15:44:27+00:00
0x8b37d9a0eb0ffef19d2082f7c7becc36f4625051,2021-03-17T15:44:18+00:00
0xa490436844c1e653f1d6cf0959d7eda71da472d8,2021-03-17T15:42:46+00:00
0xed700411613b53911add5a02f0bce9ff51f94a3d,2021-03-17T15:42:25+00:00
0x396213452da6b60aca7c487f6c3f2260a99cadfb,2021-03-17T15:41:21+00:00
0x1dd16a5e2fb1d69529f7a37c4717a77035fc6682,2021-03-17T15:40:47+00:00
0x957126019d0bc1458513b94a341f82902950c6e3,2021-03-17T15:40:08+00:00
0xda1759909a1136ac562bfe482946fc6458dd8f6e,2021-03-17T15:39:41+00:00
0x575d0149422fe888b18194f106614067fdcc1c2f,2021-03-17T15:38:44+00:00
0xcf96650e31379c5e415ee23fc0f58ff6c5504b85,2021-03-17T15:35:51+00:00
0xf6182f9b5a485110b80ae1eefcb554fe8975abbe,2021-03-17T15:34:24+00:00
0xdde54bcc6b0a01f9d6481720f3dcc731d6062d64,2021-03-17T15:33:50+00:00
0xb1192b03b914e31acf917932c148d973f39dc3ac,2021-03-17T15:32:22+00:00
0x1bcc27cc9314e7851a9ff65f096c6e6a45f8a204,2021-03-17T15:31:58+00:00
0x5665b926c0ce90f595231683c29ce17fbf33b459,2021-03-17T15:31:40+00:00
0xae9570eb8d56adb65d6c64eb28771fe300d62a2b,2021-03-17T15:31:03+00:00
0x0582aa82344b23374d065bd9de9e1a379061f467,2021-03-17T15:30:46+00:00
0x4295a1d5b19aa6f9dbe98358944e2f20b9c8d631,2021-03-17T15:30:35+00:00
0x307d6c4256366735328986560e5ff455daaf9229,2021-03-17T15:29:57+00:00
0x9ad0fe3b1fa00cecd24ed21ce36882bf86d357bf,2021-03-17T15:29:12+00:00
0x58259c48a2221fb740daee38bd69ff1fba01b6c7,2021-03-17T15:28:53+00:00
0x59639d3f2df85212c2b317cc10e543082445756d,2021-03-17T15:28:36+00:00
0x17101f2153d55de3344aad88504d28058c4a5c26,2021-03-17T15:27:45+00:00
0x5e98f0ffef7aafa75d18f24dc7a35171b4d03142,2021-03-17T15:26:54+00:00
0x5952e08ea5b46d89d800471c4e98321b6c6a78f1,2021-03-17T15:25:59+00:00
0x70ad5cf7fdca10517b0129e0a8fff2ff3233756e,2021-03-17T15:25:25+00:00
0x60665b420b0fb1d04ef775b3d5dca2228e367377,2021-03-17T15:24:48+00:00
0xf15630eccf1e13508721313ab67422e4897ce008,2021-03-17T15:23:16+00:00
0x6dd9a2ff7617c07a2bda29b44b1ea22c257ea7a7,2021-03-17T15:22:32+00:00
0x94d76d217843b80c56903040ce95cc93c691aa4f,2021-03-17T15:22:08+00:00
0x61fa37346147117325b92bcafa82d7dc215eed2e,2021-03-17T15:21:12+00:00
0xaad31691c0a725bf847da5a5236e813132933f3c,2021-03-17T15:20:53+00:00
0xb95c8faf817c5c9385cec66adbeec4c0127659b2,2021-03-17T15:19:40+00:00
0x6566fd32e6440b4268d616479707321851f354df,2021-03-17T15:19:01+00:00
0x873132bdecf05929305cf562c834114073b9cfa2,2021-03-17T15:17:38+00:00
0xbd2949f67dcdc549c6ebe98696449fa79d988a9f,2021-03-17T15:16:38+00:00
0x6fe56c0bcdd471359019fcbc48863d6c3e9d4f41,2021-03-17T15:16:04+00:00
0x2b591e99afe9f32eaa6214f7b7629768c40eeb39,2021-03-17T15:14:48+00:00
0xb3273dd8b99884bc3b37844df44f6a2575d2b8d1,2021-03-17T15:14:12+00:00
0xba11d00c5f74255f56a5e366f4f77f5a186d7f55,2021-03-17T15:13:43+00:00
0x9a0aba393aac4dfbff4333b06c407458002c6183,2021-03-17T15:12:53+00:00
0xb4f6cef96e36fba2ebfabd8ea72720910debee55,2021-03-17T15:09:20+00:00
0x94b73aea0d688af50ecc1195a06d470e20c2b3c7,2021-03-17T15:08:35+00:00
0x8eeaa8b309327c617c74acedd3987bb46824e9a8,2021-03-17T15:07:15+00:00
0xec116f70fc7c214d70d90af0b83417f7e0df2578,2021-03-04T17:27:50+00:00
0xc13243044cf19011421a441251fcd18e4945bc27,2021-03-04T17:26:52+00:00
0xe4e02c0e150720a277e6643153f8ed88249e3104,2021-03-03T20:14:06+00:00
0x1329410051fc114d8050b007717fc7575a221c71,2021-02-11T20:41:21+00:00
0x5f30e761b5f8274dd04ee0c4b1a15952d202be47,2021-02-10T21:24:49+00:00
0x1a3a132f218d07b426e535f14f2572ab025ad69b,2021-02-08T19:03:51+00:00
0x8946a15b530c435fc0fe221f9efad6faa68eeac2,2021-02-05T17:37:55+00:00
0x14ec0cd2acee4ce37260b925f74648127a889a28,2021-02-05T14:32:45+00:00
0xa313d59111aee950fb517c4b1c336d3a3aba6bec,2021-02-02T14:31:36+00:00
0xb3b4be9db6f4c3a0eccf9c40ccc97c73ad0cc14d,2021-02-02T14:31:14+00:00
0xd8e3fb3b08eba982f2754988d70d57edc0055ae6,2021-01-29T17:58:20+00:00
0xe5d7dee3e3888baf1f9bc765713c0e23ed1a4513,2021-01-29T17:58:05+00:00
0x4e220a522a7473319534968e5935f54755c1ed29,2021-01-29T17:57:21+00:00
0x6239d6cdbd7605b599b79d72004209f12adf0caf,2021-01-29T17:56:08+00:00
0x3449fc1cd036255ba1eb19d65ff4ba2b8903a69a,2021-01-29T17:55:59+00:00
0xa7ed29b253d8b4e3109ce07c80fc570f81b63696,2021-01-29T17:55:44+00:00
0xea96a3c2dce9ea37a477ebbb892ee67e66e7f808,2021-01-29T17:55:11+00:00
0x4b4d2e899658fb59b1d518b68fe836b100ee8958,2021-01-29T17:54:56+00:00
0x4166ab48ed12a060628905ab672e4a24d20310d9,2021-01-29T17:54:52+00:00
0x31083543ef3e76447bb44b2d089c8cfbfb1fde82,2021-01-29T17:54:28+00:00
0x691adb34fc64391bb7e37aa26a3138708fdc551b,2021-01-29T17:54:05+00:00
0xe8138a3a847a25546250046cd7c5a867c2179f94,2021-01-29T17:51:55+00:00
0x543bfa3d40848da53994b3a08dcd6638752ad56f,2021-01-29T17:51:20+00:00
0x41860c3914c55ad6f63d5c6fd2a2cd6c893a2fc7,2021-01-29T17:50:44+00:00
0x06b21bfac6118263327ae7001d6a676d362c89dd,2021-01-25T19:45:22+00:00
0xe1d60fc312d54c4ea9a932aba37441c81c5cf806,2021-01-20T08:30:21+00:00
0x529c3a6253e803fe6cffe9b8f3eb735df2e19c28,2021-01-20T08:30:03+00:00
0x0000000000004946c0e9f43f4dee607b0ef1fa1c,2021-01-11T17:28:14+00:00
0x24e3794605c84e580eea4972738d633e8a7127c8,2021-01-11T17:27:31+00:00
0x38a8fc7133b11ca8c1128a0c3523435002ea1cfe,2021-01-11T17:24:17+00:00
0x4e31f4ee7ee7dd58cca2be6b4934469e61a634d6,2021-01-11T17:23:41+00:00
0x3b9f47e7054cd07ab58837cacf8fc3c0859f0854,2021-01-11T17:22:32+00:00
0xd16fca52f955187eb7afb9503c6876f094cbdbfa,2021-01-11T17:19:17+00:00
0x881d40237659c251811cec9c364ef91dc08d300c,2021-01-11T17:17:59+00:00
0xb179fe021147bae18c00feaa8e09183a36429d43,2021-01-06T20:08:26+00:00
0x83b379afaf9a0553f4dd41f1358d6a95dcb0e814,2020-12-30T22:14:50+00:00
0xb60fbba496bed5dfc3be19b90a892351b07abb2b,2020-12-11T16:05:00+00:00
0xb964bdcf25dea43b9fd0550d4f8b55585a539764,2020-12-11T15:58:23+00:00
0x0a9cb439f65f51c879ef4a5cc2889c8ea633960c,2020-12-11T15:56:42+00:00
0x6c5ba91642f10282b576d91922ae6448c9d52f4e,2020-12-11T15:55:11+00:00
0xda926989cf0000bae2b4f53070407b2cd6b4f23e,2020-12-11T15:54:04+00:00
0x21a3c54b186a7a832a68d96b10856c1cea6c385f,2020-12-11T15:51:20+00:00
0x096e0a00d6d18f68f6e3e88e3101bdd030252230,2020-12-11T15:48:12+00:00
0x69692d3345010a207b759a7d1af6fc7f38b35c5e,2020-12-11T15:46:45+00:00
0x8ab7404063ec4dbcfd4598215992dc3f8ec853d7,2020-12-11T15:43:37+00:00
0xbfe192bde24d347cb3b7f0175e8003e30f347a28,2020-12-11T15:43:03+00:00
0xe233b8ca914ef98918b87d934c879095af71d75d,2020-11-26T20:17:13+00:00
0x98393fee5171c20092f5d0a7b57aac413ba9538f,2020-11-24T19:55:52+00:00
0xda4b8c2952be2aa9c5466708cf1f3589c185c937,2020-11-24T19:55:52+00:00
0x8f9538e45a4434bdc8551d24a2c61097082f1cb0,2020-11-13T22:20:13+00:00
0x7202e03b5cde32ec58e7fdfbde853173570594e3,2020-11-06T16:42:17+00:00
0x25d4cfc04411a1f9e17b5b36e20bd079f9460b9a,2020-11-04T19:19:21+00:00
0xb5451661101c45ba4bbc89abd0b30c254a90e85a,2020-11-04T19:19:17+00:00
0x8993060b04367ffb12a09f9b68e3b0d37cd2c688,2020-11-04T19:18:47+00:00
0x7748ebfe40fb4ca6ae9e4a7ea826a359609d353f,2020-11-04T19:18:20+00:00
0x487860d44e5c27c467343da9da0f263a958c9575,2020-11-04T19:18:03+00:00
0xf240af30cc65b9900a3c3e5b5990f38125e4095d,2020-11-04T19:17:54+00:00
0x4ea95fdaa57b8594b7ef740d2a7e163e05c67b59,2020-11-04T19:17:46+00:00
0xd4eeb14bfdf9658c0732f89dc9bc662a2a2ee5d0,2020-11-04T19:17:21+00:00
0xf26fa4f2aca8b607755e8620c7163be8e4a73a27,2020-11-04T19:16:33+00:00
0x094904b9816493aba8a246aec82e0d04a81dfd9e,2020-10-29T11:48:43+00:00
0x15cce358a48bc3f2a4b346e1b4ccca90c552910f,2020-10-29T11:48:43+00:00
0x0007f1253511e3e9312df8f180db96f0000000ad,2020-10-26T17:05:39+00:00
0xc9ce70a381910d0a90b30d408cc9c7705ee882de,2020-10-26T17:05:34+00:00
0x523eeafdac23fa2cb0c3873cda4818cdc80e28e8,2020-10-26T17:04:39+00:00
0x33d0568941c0c64ff7e0fb4fba0b11bd37deed9f,2020-10-26T17:03:59+00:00
0xe5caef4af8780e59df925470b050fb23c43ca68c,2020-10-26T17:02:32+00:00
0xc3771d47e2ab5a519e2917e61e23078d0c05ed7f,2020-10-26T17:02:11+00:00
0xb1f66997a5760428d3a87d68b90bfe0ae64121cc,2020-10-26T17:02:02+00:00
0x6f446b03a63cc68aad86395bc2d8a38f358d3d69,2020-10-26T17:01:23+00:00
0x3383c5a8969dc413bfddc9656eb80a1408e4ba20,2020-10-26T17:01:15+00:00
0x50b6071561f068963bcfe2b341126cd6accafafb,2020-10-26T17:01:15+00:00
0xfd2cb3ace5f59cc3c43c967c326b81c01e051bdf,2020-10-26T16:57:49+00:00
0xf768308c448ca951f0fb2487cebe5598c8fb40e2,2020-10-26T16:57:43+00:00
0xf73d8d6f76d5e35ab952f94a6b431a730e5c5c7f,2020-10-26T16:54:30+00:00
0xf6a5d0770bf4384c7917b6b92d646acb08fa7739,2020-10-26T16:53:59+00:00
0xf5e9f38e559cf86b5eca5e78c4dc71e2268660d0,2020-10-26T16:53:00+00:00
0xf041c501f16891a2b23f7d3fde5105c80453db92,2020-10-26T16:51:43+00:00
0xee5e98d9902e8158965c0b87364c3bb418754da1,2020-10-26T16:50:52+00:00
0xec13cfe6f132fd976f93ef9cb5f103df0eec694a,2020-10-26T16:49:05+00:00
0xe53fbe593fb1a7c195661b1a7ecc506ac58590fa,2020-10-26T16:45:09+00:00
0xe21e7457ffdee184f540d8e4749ef183504f001c,2020-10-26T16:44:04+00:00
0xe09378e4cc630a8809116b97321f4e014942ede5,2020-10-26T16:43:31+00:00
0xe01df2813742b890d5d7e10e2304ba54f586f93f,2020-10-26T16:39:31+00:00
0xdd1072cd2cb592721085d439baec0130c1208265,2020-10-26T16:38:32+00:00
0xdce043a240980194e03781844640177361533ea5,2020-10-26T16:38:20+00:00
0xda66cabdf85b32c36fc5faa7e31f22ed76157eb0,2020-10-26T16:37:04+00:00
0xd94bb87e0799222fc1e44fa34fd73b6aff220f82,2020-10-26T16:36:36+00:00
0xd86592a45dd5c77f233b0422212ff3c1ec304d96,2020-10-26T16:36:08+00:00
0xd8108764a3d828435e0d85490b10cee929bad2d4,2020-10-26T16:35:41+00:00
0xd67ea534d7944b62c532ae4f0ccff03414b134d5,2020-10-26T16:34:54+00:00
0xd5d4fe47f66723e45a41c941fd0177449967273d,2020-10-26T16:34:39+00:00
0xd4268b450eb95946cd84500ca516bce781464969,2020-10-26T16:34:18+00:00
0xd1359596738c8bb8f4076a6b93e3a6a94d7b0fc1,2020-10-26T16:34:11+00:00
0xcc115d21446926f68d5a9537bcb5c2c316a49544,2020-10-26T16:32:56+00:00
0xcbb8514622eab1c3d287b0188a4edcd15dccf232,2020-10-26T16:32:36+00:00
0xca13060a208691e08254e8dcb4f0fd6e864be095,2020-10-26T16:32:00+00:00
0xc4d332f6a6a231c049d388c1975eba1c3a7e3c8d,2020-10-26T16:30:33+00:00
0xc0db456cc0c9d71e793eeaca61148c0473e8bbb2,2020-10-26T16:29:59+00:00
0xc0388a58be04564fbab4c21336155c5fe1862629,2020-10-26T16:29:42+00:00
0xba6b1e0dbedd00707981a84946cde8e556ce259c,2020-10-26T16:29:25+00:00
0xb8a886423d63063b67638ca29f849d8df611ef00,2020-10-26T16:29:10+00:00
0xb8500fb47adeda3c0262e18e333f432aa6ac8ff1,2020-10-26T16:28:25+00:00
0xb805c79f03a4230170b4c1d0ff3bb6c070c79d11,2020-10-26T16:28:12+00:00
0xb4da3ea40c2548765ca5ba8a10c0cef3c24f5ee6,2020-10-26T16:27:44+00:00
0xb41ed79226eef18e995260c07f6556d50f181c77,2020-10-26T16:27:12+00:00
0xaed4fa526cbf10ccdf6278a871b3155d7ce21664,2020-10-26T16:27:03+00:00
0xace03f077ab93edad192aa32940699b1f445c7dd,2020-10-26T16:26:56+00:00
0xa9f851e6543a25972886b86b1160c47c9240d685,2020-10-26T16:26:41+00:00
0xa9e8c881b448e9e18ca3acaaf1e7cd69ab68c81f,2020-10-26T16:26:34+00:00
0xa7a621a76bd0aca522dfda21573a72e7e313b42b,2020-10-26T16:26:19+00:00
0xa7610b2ba35756bb01384debea3cb0f0855247b1,2020-10-26T16:26:02+00:00
0xa65d8ab49125dc4704c0b29908983db3936cdada,2020-10-26T16:25:28+00:00
0xa60fcac8a4cf70af2a2e0c0cda73afef208c6daa,2020-10-26T16:23:50+00:00
0xa58b120028938cd52a673b366b3a7b96142cabd7,2020-10-26T16:23:50+00:00
0xa41fc53e6cb56258b1014564e0dca5879bb6a06b,2020-10-26T16:18:55+00:00
0xa1ba11daa1ca5307b8e31b2d418328bea6fdc6b7,2020-10-26T16:18:34+00:00
0xa0820e7e310a061d92df27540d369f962b708e09,2020-10-26T16:18:18+00:00
0x9e1a5c1bbfb0e6bd11a52fff463ef5bbb449bfcd,2020-10-26T16:16:45+00:00
0x9c399c4859c95330d4cd03dbedd8f03566b1ab70,2020-10-26T16:15:59+00:00
0x99fb8ea7fd859c1d8425f4f7a024bf355db476d9,2020-10-26T16:15:51+00:00
0x98a65067424a2a512eb22d0919bf772d4acb7dd4,2020-10-26T16:15:21+00:00
0x97005d821905bd11ca0574cf0319956e4c7eec09,2020-10-26T16:14:42+00:00
0x94bf8a5ea95c837f72729abe0fdfb249fa9e6880,2020-10-26T16:14:03+00:00
0x92cf4d125b904864b016c8c10b7a8e8504060a4e,2020-10-26T16:13:24+00:00
0x8c6b4a65e3b442b1d7b4d4b3143049c36d78a173,2020-10-26T16:13:22+00:00
0x8c37b927fa392ad0b1890c8fb49fe939563f768f,2020-10-26T16:13:04+00:00
0x8ac7c0ba14eafdb8fe4378028d540e9ed576afdb,2020-10-26T16:12:47+00:00
0x89c61abda2a1061182765656dc591306a491643c,2020-10-26T16:12:08+00:00
0x891cb46cf734538cc52eff7b68c9edd8e07ff2c9,2020-10-26T16:11:52+00:00
0x8679b074480c47d6e4b4c4bb24e5970e1a0d0cfc,2020-10-26T16:10:41+00:00
0x84c03c2c14e73e90bf8cea11d625271b3a92dfac,2020-10-26T16:10:28+00:00
0x7e5c85bcb39b59e9910f6e271e20433c7b0561c4,2020-10-26T16:09:51+00:00
0x78bc05de11d5504beb9857bf20418240d7d64af6,2020-10-26T16:09:41+00:00
0x781ade5b26e54acfe07bbcc9fa280b12f1b81a5b,2020-10-26T16:09:31+00:00
0x760ee593861973b4cbc372a2cc31892e80f22ecd,2020-10-26T16:09:06+00:00
0x7500f0c7b6de1987e5bf617f681c0e10f0b73cae,2020-10-26T16:07:37+00:00
0x74b76a5ce326bcdab7c9ba4c8b4c204cc42b1cb2,2020-10-26T16:07:10+00:00
0x72c7ca996bb133acb16e9963c9f955a5b04edbb0,2020-10-26T16:06:24+00:00
0x6ef45e8d694c35f6cf00b9e9d31ce05b24a384d4,2020-10-26T16:06:01+00:00
0x6e82ab852f0584d61142adc2b5f196a661292e16,2020-10-26T16:05:13+00:00
0x68f64608fcb137f8ceccaa08e41678cde0a73de6,2020-10-26T16:04:52+00:00
0x641a67e0583f05e3fb93fce93bd3bdfe47301c3e,2020-10-26T16:04:23+00:00
0x61a16fc2e352647ac9c130be6742ced32c911dee,2020-10-26T16:03:52+00:00
0x60bd000b619e7ac467f9581a991d69338db18dba,2020-10-26T16:03:36+00:00
0x5def1f2f8aa773fb92ec5028ebbdd33edac6e850,2020-10-26T16:02:39+00:00
0x5aaace475669ef0be27b241ee7eceb74ea5e36b7,2020-10-26T16:01:42+00:00
0x58f2f452b5500a95e92b1c8b8ca44e996712606d,2020-10-26T16:01:18+00:00
0x5435ee8414d495d6eb15c79f5b10ed5f6684f448,2020-10-26T16:01:02+00:00
0x5357ca709f0469c4a4de562d96cfec65e87e7e8d,2020-10-26T16:00:41+00:00
0x51d0d3a1912263bdf3b103ad13b6b03598c5680d,2020-10-26T16:00:27+00:00
0x4debafea523bd94dbe030836e1dd3b6e64a79ea7,2020-10-26T15:59:57+00:00
0x4933038d1ab1e8d042c3944fee2c2d4cb2b02fcf,2020-10-26T15:59:32+00:00
0x4812042a9fdf864ffd80d298628b23a3cc4f8988,2020-10-26T15:59:24+00:00
0x47409050f0ced07aac3dae0c48aa6fe8db63455d,2020-10-26T15:59:16+00:00
0x45412c2a74ff5a3a282e49fc163e4d8c72e25d1f,2020-10-26T15:58:46+00:00
0x44281fe195402ed29c8067ef107c1dd4b6fbefb2,2020-10-26T15:58:29+00:00
0x42b07bd8c55bfe4d20c4be2d62bc2c0d905ef9e7,2020-10-26T15:58:02+00:00
0x417d46b12ebfb45cdf3403e99a760798db3737fd,2020-10-26T15:57:34+00:00
0x3e732383de30e25ab0cafbe05bc3aab0eef86129,2020-10-26T15:57:01+00:00
0x3b2a153a99f1855d8aefe2c925c796eeb0b78d60,2020-10-26T15:56:26+00:00
0x37e77753fb405ece1164b7179ca4800c99f5c7d8,2020-10-26T15:56:21+00:00
0x37cd869582ddcc9db0cee5c587105cb597a9a76b,2020-10-26T15:55:24+00:00
0x37b9a0e18bf70b009b757c49857b5299745a63a0,2020-10-26T15:54:46+00:00
0x32a895bae7aa91ee5e423d756eb36b29b1d45785,2020-10-26T15:54:37+00:00
0x2e2b305cfd35ab22a767b67a8bf5dceb75c8dc7d,2020-10-26T15:54:22+00:00
0x2d43b14ed6c61389fd0b398b73c6782231dff73a,2020-10-26T15:53:47+00:00
0x2c77621324be3bfeefdc5e25204af6db88ff798a,2020-10-26T15:53:23+00:00
0x2c6ce190452c43f6387929d3802b23e3d43270f3,2020-10-26T15:52:32+00:00
0x2b19d941d6a639ab9a3a70555c34cbba47a52076,2020-10-26T15:51:27+00:00
0x29e7e2ccad6cd025a9b03fedcdd344eeba19cf76,2020-10-26T15:51:15+00:00
0x296ab0cd87840db642a05522306f679c77f9bbc1,2020-10-26T15:50:38+00:00
0x291bc570aac1e90a0c5230fbfb3f97274c111273,2020-10-26T15:50:12+00:00
0x27889548c9d767e48e45b2f07ef3cf1faa5b2a97,2020-10-26T15:49:50+00:00
0x2609bfda99430fe5b62b17afd91c62ab1a843ca9,2020-10-26T15:49:40+00:00
0x25d33526deed7ef7fbf280e0ae64ffa2885797a2,2020-10-26T15:49:29+00:00
0x242d65529f330751baf13120a0cf5face08ca9ca,2020-10-26T15:48:28+00:00
0x1f36ecbd76f05f631a98932195a19b4b0494949e,2020-10-26T15:47:46+00:00
0x18fae44d01a92ede3362d321ad435e3876767edd,2020-10-26T15:46:49+00:00
0x18bc757caa7658995c40dc7542254613ab2580f6,2020-10-26T15:46:28+00:00
0x0e1f5f828f7c66631728658cb4cbd966700acf6d,2020-10-26T15:44:31+00:00
0x05594df248cb01f8046aba8a37d744b99acb6d9f,2020-10-26T15:42:30+00:00
0x0199f775670c4f767319f8dd1646ba7c617e4063,2020-10-26T15:37:42+00:00
0xf8c3527cc04340b208c854e985240c02f7b7793f,2020-10-07T18:28:30+00:00
0x56d811088235f11c8920698a204a5010a788f4b3,2020-10-07T18:16:35+00:00
0x0128e4fccf5ef86b030b28f0a8a029a3c5397a94,2020-09-30T19:23:38+00:00
0x3f382dbd960e3a9bbceae22651e88158d2791550,2020-09-30T19:23:08+00:00
0x3e9bc21c9b189c09df3ef1b824798658d5011937,2020-09-30T18:25:07+00:00
0x2cedfa2a7f5e1102830b81759b95353c08973386,2020-09-30T18:21:21+00:00
0x0000000000000000880620000000203571704007,2020-09-30T18:21:12+00:00
0xda3145d0a373712e036106fc1fa34b1014807e68,2020-09-30T18:20:49+00:00
0x668dbf100635f593a3847c0bdaf21f0a09380188,2020-09-30T18:20:38+00:00
0xf275d07c3db7e14711290aa4c63cdce17db7bfa9,2020-09-30T18:20:13+00:00
0x1e18821e69b9faa8e6e75dffe54e7e25754beda0,2020-09-30T18:19:50+00:00
0xa0246c9032bc3a600820415ae600c6388619a14d,2020-09-30T18:19:11+00:00
0xa3bed4e1c75d00fa6f4e5e6922db7261b5e9acd2,2020-09-30T18:18:44+00:00
0xb3282c5caefb26c24e462e828ea977d8dfe9effb,2020-09-30T18:17:30+00:00
0xb323a404a1b391b8072ba86b5746f9cc862b21cd,2020-09-30T18:16:51+00:00
0xeb31973e0febf3e3d7058234a5ebbae1ab4b8c23,2020-09-26T08:20:58+00:00
0xcfdc3640e0feeda6e4900a487a897aea8df6a3a2,2020-09-25T18:31:39+00:00
0x2d8e135b4bd81e8a1d04efa19d9485d2eb12fcf3,2020-09-25T17:04:41+00:00
0x1b0b7607bc9df784f707c82e84410d7dfae3d006,2020-09-21T17:41:27+00:00
0xfd846ce81f9566e34790946078221c93f777a419,2020-09-21T17:40:47+00:00
0x729191805f6bbe845de6e3e4a554c40111bc6c26,2020-09-21T17:40:21+00:00
0x98eaba2684b49bbde9842cd48f3bae8caa31dac4,2020-09-11T16:19:51+00:00
0x9f284e1337a815fe77d2ff4ae46544645b20c5ff,2020-09-11T16:18:48+00:00
0xaba8cac6866b83ae4eec97dd07ed254282f6ad8a,2020-09-11T16:17:59+00:00
0xb8baa0e4287890a5f79863ab62b7f175cecbd433,2020-09-11T16:17:23+00:00
0x3ac4a91b718b9845d4519936ea4db8fb2a6ec115,2020-09-11T16:16:19+00:00
0x45f24baeef268bb6d63aee5129015d69702bcdfa,2020-09-11T16:11:48+00:00
0x6b3595068778dd592e39a122f4f5a5cf09c90fe2,2020-09-08T15:50:35+00:00
0xd533a949740bb3306d119cc777fa900ba034cd52,2020-09-08T15:49:02+00:00
0x0e29e5abbb5fd88e28b2d355774e73bd47de3bcd,2020-09-08T15:48:38+00:00
0x3365cff5e0970fbb2cf744796901002d9987c0dc,2020-09-08T15:46:38+00:00
0x0000000000000000000000000000000000000aa3,2020-08-10T17:00:42+00:00
0x17d25a67781122e89bcaeba36a5c72a4aa809e4e,2020-08-10T16:59:14+00:00
0x0000ef2a62c7c7580db66bbb50e1a913f0cc0615,2020-08-10T16:58:25+00:00
0xf8e85302bb65e3086f555637757ff0cda241562e,2020-08-10T16:57:10+00:00
0xdcb7a40366e4c3b35cb30026040a4f84e2a94c11,2020-08-10T16:54:10+00:00
0xdc599a126a1af8648bdcd36579613e4cf24976d2,2020-08-10T16:53:21+00:00
0xda3240dec8afac34c6dd7c84fb64603676142c57,2020-08-10T16:52:18+00:00
0xd80b103eba455a433798290b4c20e3024c6648c6,2020-08-10T16:51:53+00:00
0xb25a1f3a7084ef8aff33c2e94ee02045cbcfa869,2020-08-10T16:51:08+00:00
0xae1c66afd3add84f1054a86268b10dcf7567b95a,2020-08-10T16:50:22+00:00
0xaaae21b96542cc52d9e0f8e7b74cfb171d6ba339,2020-08-10T16:49:48+00:00
0xa8d1a4f9c3a26eb19e5b585e16a384311b7fb1a8,2020-08-10T16:49:02+00:00
0x7d8115947cea2966aa61fdfaa4d58053aeac4e2f,2020-08-10T16:48:34+00:00
0x6f29b5b1462f3875e5e39c9fe5143e1a1fd85ab7,2020-08-10T16:47:28+00:00
0x600ae3c68fe447e4aeb02a0a237d7376279a44f1,2020-08-10T16:46:35+00:00
0x5da7970bc6b14e31cc0ee64c94bf347d16e33d04,2020-08-10T16:45:50+00:00
0x4355849b431db6a75b06535532299b82529300c9,2020-08-10T16:44:27+00:00
0x39c5088b3019cab57ee8d5b2798fe55b8c3a560d,2020-08-10T16:43:59+00:00
0x3302c2ea22520bd5e7ebde0eef31072e9990c18c,2020-08-10T16:43:04+00:00
0x2c09de5466ea6234dbad3915b8f9ec53c321e90e,2020-08-10T16:42:22+00:00
0x06083c4d615920cf267b53550b265497155ce71a,2020-08-10T16:40:43+00:00
0x6a715c4cd36a00bf61994f15c725063f7ed692c3,2020-08-08T18:52:51+00:00
0x63f8e1fb9304fc6f7c613023c8104ba464122fd1,2020-08-08T18:52:35+00:00
0x96bd030b35732b9cb971655ed762635e3e753f94,2020-08-08T18:52:16+00:00
0xbe6afbf9a85a65b3c3a77f9e7f4006da11cc82c3,2020-08-08T18:51:51+00:00
0xc0302dc505906e967c333fe31b470a8b76d90602,2020-08-08T18:51:28+00:00
0xa74476443119a942de498590fe1f2454d7d4ac0d,2020-07-27T18:02:43+00:00
0xaa6edb1f014838440d5d3a2c489c5fb0a2d910d5,2020-07-27T17:54:54+00:00
0x07aff5c0cc27473c3e4ac359e7a2372d85d556e2,2020-07-27T17:47:46+00:00
0xe0ee037b54e94bd837a476fadf111c9aee82abad,2020-07-10T14:47:31+00:00
0x8a160cac2f51f0365f92114837ee1cc8c5f9acb7,2020-06-14T18:31:41+00:00
0x000000000000000000000000000000000000015d,2020-06-08T16:19:53+00:00
0x0000000000000000000000000000000000000fdc,2020-05-06T16:08:14+00:00
0x40d3c991b9cecf8b390f3622bf4cb9418283e57c,2020-05-06T16:05:39+00:00
0xea7e96d744b2b5a5106902fc615bd351c645b182,2020-05-06T16:02:53+00:00
0xe453f4012c868cb25a0b987fa8d2a60f28300082,2020-05-06T16:02:08+00:00
0x016913ead5672f01de2043874e5c1cac5df608de,2020-05-06T16:01:52+00:00
0x000000000000000000000000000000000000001e,2020-05-06T16:01:52+00:00
0x0000000000000000000000000000000000000001,2020-05-06T15:58:41+00:00
0xb66a58e0aaa66b2ef9822c75cb577d336acb00bd,2020-04-11T15:05:35+00:00
0x5c27cc68fe01a3994807b60a6c81d8ba638b4ba1,2020-04-05T16:45:08+00:00
0x552804d08eb7abbf89c131e4c4b1e9e259d90751,2020-04-03T17:14:06+00:00
0x0000000000000000000000000000018148086009,2020-04-03T17:13:46+00:00
0x0000000000000000000000000000000000000e33,2020-03-05T17:22:14+00:00
0x6f5901e3c53a51fce8edc15f6fa2b01b24226dcc,2020-03-05T08:55:47+00:00
0x20be90ebfd8395a34740db71d670d99da93b10a9,2020-02-28T00:21:59+00:00
0x087a39ecd3e12db24b76025efaf077a2fd6e44c2,2020-02-25T18:06:35+00:00
0x5441bfcda141759eaae9737a28cb2f9fd43e8869,2020-02-25T18:05:55+00:00
0x14675623b1d8fcaa086ebcc82ce5d390d6c681c3,2020-02-14T18:47:06+00:00
0x000000000cd2ea93ac6de3054ad27667ed965a81,2020-02-14T18:45:23+00:00
0xe74f306bfbff84f675fdceb770b157b70b017169,2020-02-14T18:43:44+00:00
0x0000000000000000000000000001fc24fe892306,2020-01-31T17:07:09+00:00
0xd5faed37a99373c218a73149f93e47ce1c983dfe,2020-01-06T16:54:21+00:00
0xb7944bfe170986fd6230b4c18bc7072cb485686e,2019-11-01T15:38:46+00:00
0x20d99ca2c88b20e34f5d7f7e5fdc61c9181c6732,2019-11-01T15:35:50+00:00
0x0763fa09cc7d60e734c670d327d11b3a8a3f7776,2019-11-01T15:35:12+00:00
0xf192f9cd28aa0e268eed28078a432dd4abfe8269,2019-11-01T15:35:02+00:00
0xda66146ec41690ed8392869b0238dae5774f2314,2019-09-26T18:21:49+00:00
0xbdaf3e422d2cfa10f34c59f7151dd31499a426b5,2019-09-06T07:19:12+00:00
0x8faff11fde21191e7fd50806dcbcdd49265d51a0,2019-01-21T15:09:41+00:00
0xdac17f958d2ee523a2206206994597c13d831ec7,2018-12-28T17:50:25+00:00
0x00000000000000000000000000000000000001f2,2018-12-28T17:44:45+00:00
0x00000000000000000000000000000000000018fe,2018-12-28T17:44:07+00:00
0x000000000000000000000000000000000000001a,2018-12-28T17:43:27+00:00
0x0000000000000000000000000000000000000019,2018-12-28T17:42:11+00:00
0x0000000000000000000000000000000000000018,2018-12-28T17:40:28+00:00
0x0000000000000000000000000000000000000000,2018-12-28T17:36:24+00:00
0x008fe40574e881e7247b50b991c0cc057d66647f,2018-06-09T12:31:42+00:00
0x9faf5515f177f3a8a845d48c19032b33cc54c09c,2017-11-28T16:39:10+00:00
