contract,airdropper,created_on,tx_count
0x39cf57b4decb8ae3dec0dfca1e2ea2c320416288,0x12ad29ec858ed25f6e640cc41668fa4fa5a2973b,2022-07-16T06:28:07+00:00,21
0xb0b1d4732efe32aea466ed6bc3c79181ed4810c4,0x12ad29ec858ed25f6e640cc41668fa4fa5a2973b,2022-07-09T08:26:44+00:00,67
0xccb128c0ee2ac8bdfe94fd7215d48d04044ffa66,0x1fdc67c803e7425268dec445471ecff78ccfc68c,2022-05-14T18:13:56+00:00,11
0xb339022c13018556b7c731dbb852493d452bf96f,0x2a927e4f42d5758d27834f97949bbb292e44fb61,2022-03-19T14:08:24+00:00,196
0x9da458800bb0fea8e0734ecf4ba9d0e13dde7118,0x2cb159915a0bbec55c47be1f23ecbe2e064f9f3b,2022-04-15T18:59:31+00:00,15
0x7a4a4ebc1a4789ab721e73eff4389314c58f9f25,0x346393d2abf14f693c498427894ed21f981566de,2022-05-02T19:28:36+00:00,14
0x7ae6c1fc4a79129f868f9595fec1a54ff89ff1d2,0x346393d2abf14f693c498427894ed21f981566de,2022-05-07T18:27:04+00:00,30
0x92a3e07ebeb323a75e32170f574db01427873946,0x346393d2abf14f693c498427894ed21f981566de,2022-05-04T13:01:18+00:00,14
0xf660870bd38d106e61f0d3539ed25b1320bc90e8,0x346393d2abf14f693c498427894ed21f981566de,2022-05-08T06:12:35+00:00,29
0xc78bc2d12355e71b0a3d3ebb2815ce9ac8b1c572,0x8b4611d22330372b17ec61b359ed36479dab6a3f,2022-03-24T07:52:56+00:00,140
0xbeab3473525185236f8696aba5b8614c67440562,0x95c74d9d162db9255fc3859ec7552ba33f5de990,2022-07-26T20:51:27+00:00,15
0x695d4e4936c0de413267c75ca684fc317e03a819,0xbd93b6923143b8541dbd84887e19c793fb47e8c9,2022-07-01T18:56:56+00:00,13
0x471c3a7f132bc94938516cb2bf6f02c7521d2797,0xdc070fd507bd5e06e68ece4e78993b36f5360cc3,2022-05-28T07:00:26+00:00,307
0xaf0b2fbedd5d1fda457580fb3dabad1f5c8bbc36,0xdc070fd507bd5e06e68ece4e78993b36f5360cc3,2022-05-25T10:19:35+00:00,40
0x53a1e9912323b8016424d6287286e3b6de263f76,0xdeb697ec8cd67a5ec7faf93d837721b0fa8b4ef2,2022-03-17T07:19:05+00:00,43
